Feature ID	Taxon	Confidence
ASV1	k__Fungi;p__Ascomycota;c__Saccharomycetes;o__Saccharomycetales;f__Saccharomycetales_fam_Incertae_sedis;g__Candida;s__Candida_parapsilosis	0.9428149124182679
ASV2	k__Fungi;p__Basidiomycota;c__Agaricomycetes;o__Agaricales;f__Tricholomataceae;g__Baeospora;s__Baeospora_myosura	0.9714981600215741
ASV3	k__Fungi;p__Ascomycota;c__Saccharomycetes;o__Saccharomycetales;f__Saccharomycetales_fam_Incertae_sedis;g__Candida;s__Candida_albicans	0.9999998265496551
ASV4	k__Fungi;p__Ascomycota;c__Dothideomycetes;o__Capnodiales;f__Mycosphaerellaceae;g__Mycosphaerella;s__Mycosphaerella_tassiana	0.999982347263046
ASV5	k__Fungi;p__Basidiomycota;c__Tremellomycetes;o__Filobasidiales;f__Filobasidiaceae;g__Naganishia;s__Naganishia_diffluens	0.9985208225950903
ASV6	k__Fungi;p__Ascomycota;c__Eurotiomycetes;o__Eurotiales;f__Aspergillaceae;g__Penicillium;s__Penicillium_carneum	0.9476249872750602
ASV7	k__Fungi;p__Ascomycota;c__Saccharomycetes;o__Saccharomycetales;f__Debaryomycetaceae;g__Debaryomyces;s__Debaryomyces_hansenii	0.9734562271830542
ASV8	k__Fungi;p__Basidiomycota;c__Microbotryomycetes;o__Sporidiobolales;f__Sporidiobolaceae;g__Rhodotorula;s__Rhodotorula_mucilaginosa	0.9745400270535037
ASV9	k__Fungi;p__Basidiomycota;c__Tremellomycetes;o__Filobasidiales;f__Filobasidiaceae;g__Naganishia;s__Naganishia_diffluens	0.9999410585726529
ASV10	k__Fungi;p__Ascomycota;c__Saccharomycetes;o__Saccharomycetales;f__Saccharomycetales_fam_Incertae_sedis;g__Candida;s__Candida_metapsilosis	0.9998845574788413
ASV11	k__Fungi;p__Ascomycota;c__Saccharomycetes;o__Saccharomycetales;f__Saccharomycetales_fam_Incertae_sedis;g__Candida;s__Candida_parapsilosis	0.7455136994738721
ASV12	k__Fungi;p__Ascomycota;c__Saccharomycetes;o__Saccharomycetales;f__Debaryomycetaceae;g__Meyerozyma;s__Meyerozyma_guilliermondii	0.998547667976782
ASV13	k__Fungi;p__Ascomycota;c__Sordariomycetes;o__Pleurotheciales;f__Pleurotheciaceae;g__Pleurotheciella;s__Pleurotheciella_rivularia	0.9999170448958862
ASV14	k__Fungi;p__Ascomycota;c__Saccharomycetes;o__Saccharomycetales;f__Phaffomycetaceae;g__Cyberlindnera;s__Cyberlindnera_jadinii	0.9999999959533028
ASV15	k__Fungi;p__Ascomycota;c__Eurotiomycetes;o__Eurotiales;f__Aspergillaceae;g__Penicillium;s__Penicillium_glabrum	0.9972675861465569
ASV16	k__Fungi;p__Ascomycota;c__Saccharomycetes;o__Saccharomycetales;f__Saccharomycetales_fam_Incertae_sedis;g__Candida;s__Candida_metapsilosis	0.9999977756857714
ASV17	k__Fungi;p__Basidiomycota;c__Agaricomycetes;o__Auriculariales;f__Exidiaceae;g__Exidia	0.8106382702107713
ASV18	k__Fungi;p__Basidiomycota;c__Tremellomycetes;o__Cystofilobasidiales;f__Mrakiaceae;g__Itersonilia;s__Itersonilia_perplexans	0.9983854310646171
ASV19	k__Fungi;p__Basidiomycota;c__Agaricomycetes;o__Trechisporales;f__Hydnodontaceae;g__Trechispora;s__unidentified	0.9998245846903505
ASV20	k__Fungi;p__Ascomycota;c__Saccharomycetes;o__Saccharomycetales;f__Saccharomycetaceae;g__Saccharomyces;s__Saccharomyces_cerevisiae	0.9998407324354884
ASV21	k__Fungi;p__Ascomycota;c__Saccharomycetes;o__Saccharomycetales;f__Phaffomycetaceae;g__Wickerhamomyces;s__Wickerhamomyces_anomalus	0.9999340271281041
ASV22	k__Fungi;p__Ascomycota;c__Dothideomycetes;o__Capnodiales	0.9999974531935562
ASV23	k__Fungi;p__Ascomycota;c__Saccharomycetes;o__Saccharomycetales;f__Saccharomycetales_fam_Incertae_sedis;g__Candida;s__Candida_tropicalis	0.9285860493020436
ASV24	k__Fungi;p__Basidiomycota;c__Cystobasidiomycetes;o__Cystobasidiomycetes_ord_Incertae_sedis;f__Symmetrosporaceae;g__Symmetrospora;s__unidentified	0.7223081960914517
ASV25	k__Fungi;p__Ascomycota;c__Saccharomycetes;o__Saccharomycetales;f__Saccharomycetaceae;g__Saccharomyces;s__Saccharomyces_cerevisiae	0.9999789838761097
ASV26	k__Fungi;p__Basidiomycota;c__Agaricomycetes;o__Agaricales;f__Tricholomataceae;g__Baeospora;s__Baeospora_myosura	0.9719103464293067
ASV27	k__Fungi;p__Ascomycota;c__Eurotiomycetes;o__Eurotiales;f__Aspergillaceae;g__Penicillium;s__Penicillium_polonicum	0.8985906221607307
ASV28	k__Fungi;p__Basidiomycota;c__Wallemiomycetes;o__Wallemiales;f__Wallemiaceae;g__Wallemia	0.9999999826558637
ASV29	k__Fungi;p__Basidiomycota;c__Tremellomycetes;o__Tremellales;f__Bulleribasidiaceae;g__Vishniacozyma	0.9999999434308702
ASV30	k__Fungi;p__Ascomycota;c__Dothideomycetes;o__Pleosporales	0.9999999999335722
ASV31	k__Fungi;p__Ascomycota;c__Sordariomycetes;o__Hypocreales;f__Ophiocordycipitaceae;g__Purpureocillium;s__Purpureocillium_lilacinum	0.9999946640065617
ASV32	k__Fungi;p__unidentified;c__unidentified;o__unidentified;f__unidentified;g__unidentified;s__unidentified	0.8490354087846208
ASV33	k__Fungi;p__Basidiomycota;c__Agaricomycetes;o__Agaricales;f__Tricholomataceae;g__Baeospora;s__Baeospora_myosura	0.9707193084667858
ASV34	k__Fungi;p__Ascomycota;c__Leotiomycetes;o__Thelebolales;f__Thelebolaceae;g__Thelebolus;s__Thelebolus_globosus	0.9604020805261222
ASV35	k__Fungi;p__Ascomycota;c__Eurotiomycetes;o__Eurotiales;f__Aspergillaceae;g__Penicillium	0.999826654667893
ASV36	k__Fungi;p__Basidiomycota;c__Agaricomycetes;o__Russulales;f__Bondarzewiaceae;g__Heterobasidion	0.9999998981601467
ASV37	k__Fungi;p__Ascomycota;c__Eurotiomycetes;o__Eurotiales;f__Aspergillaceae;g__Aspergillus;s__Aspergillus_ruber	0.9999964974175647
ASV38	k__Fungi;p__Ascomycota;c__Sordariomycetes;o__Hypocreales;f__Nectriaceae;g__Fusarium	0.8726065302095034
ASV39	k__Fungi;p__Basidiomycota;c__Agaricomycetes;o__Agaricales;f__Strophariaceae;g__Pholiota;s__Pholiota_adiposa	0.9999999527802583
ASV40	k__Fungi;p__Basidiomycota;c__Agaricomycetes;o__Agaricales;f__Strophariaceae;g__Hypholoma;s__Hypholoma_fasciculare	0.9999601768020046
ASV41	k__Fungi;p__Ascomycota;c__Dothideomycetes;o__Capnodiales;f__Mycosphaerellaceae;g__Mycosphaerella;s__Mycosphaerella_tassiana	0.999400453187127
ASV42	k__Fungi;p__Ascomycota;c__Dothideomycetes;o__Pleosporales;f__Periconiaceae;g__Periconia;s__Periconia_cookei	0.9999987117750264
ASV43	k__Fungi;p__Basidiomycota;c__Tremellomycetes;o__Tremellales;f__Bulleribasidiaceae;g__Dioszegia;s__Dioszegia_hungarica	0.9996407729202883
ASV44	k__Fungi;p__Ascomycota;c__Eurotiomycetes;o__Eurotiales;f__Aspergillaceae;g__Aspergillus;s__Aspergillus_subversicolor	0.8712330677226138
ASV45	k__Fungi;p__unidentified;c__unidentified;o__unidentified;f__unidentified;g__unidentified;s__unidentified	0.9422492193913202
ASV46	k__Fungi;p__Basidiomycota;c__Agaricomycetes;o__Agaricales;f__Tricholomataceae;g__Baeospora;s__Baeospora_myosura	0.970710291987334
ASV47	k__Fungi;p__Basidiomycota;c__Agaricomycetes;o__Agaricales;f__Physalacriaceae;g__Flammulina;s__Flammulina_velutipes	0.9999932088904683
ASV48	k__Fungi;p__unidentified;c__unidentified;o__unidentified;f__unidentified;g__unidentified;s__unidentified	0.9603474678670346
ASV49	k__Fungi;p__Ascomycota;c__Eurotiomycetes;o__Eurotiales;f__Trichocomaceae;g__Talaromyces;s__Talaromyces_infraolivaceus	0.8965324679043692
ASV50	k__Fungi;p__Basidiomycota;c__Tremellomycetes;o__Holtermanniales;f__Holtermanniales_fam_Incertae_sedis;g__Holtermanniella;s__Holtermanniella_takashimae	0.999023404036439
ASV51	k__Fungi;p__Ascomycota;c__Eurotiomycetes;o__Eurotiales;f__Aspergillaceae;g__Penicillium;s__Penicillium_polonicum	0.848758470202709
ASV52	k__Fungi;p__Ascomycota;c__Eurotiomycetes;o__Eurotiales;f__Aspergillaceae;g__Penicillium;s__Penicillium_astrolabium	0.9997609202961657
ASV53	k__Fungi;p__Ascomycota;c__Eurotiomycetes;o__Eurotiales;f__Aspergillaceae;g__Penicillium;s__Penicillium_polonicum	0.9006766624967644
ASV54	k__Fungi	1.0000000000000018
ASV55	k__Fungi;p__Ascomycota;c__Eurotiomycetes;o__Eurotiales;f__Aspergillaceae;g__Aspergillus;s__Aspergillus_subversicolor	0.8796428140198382
ASV56	k__Fungi;p__Basidiomycota;c__Tremellomycetes;o__Filobasidiales;f__Filobasidiaceae;g__Filobasidium;s__Filobasidium_magnum	0.9840045971709648
ASV57	k__Fungi;p__Ascomycota;c__Eurotiomycetes;o__Eurotiales;f__Aspergillaceae;g__Aspergillus;s__Aspergillus_penicillioides	0.9998818372116822
ASV58	k__Fungi;p__Basidiomycota;c__Agaricomycetes;o__Agaricales;f__Tricholomataceae;g__Baeospora;s__Baeospora_myosura	0.9691588205524537
ASV59	k__Fungi;p__Ascomycota;c__Eurotiomycetes;o__Eurotiales;f__Aspergillaceae;g__Penicillium;s__Penicillium_polonicum	0.8954531259618989
ASV60	k__Fungi;p__Basidiomycota;c__Malasseziomycetes;o__Malasseziales;f__Malasseziaceae;g__Malassezia;s__Malassezia_globosa	0.9999999999990905
ASV61	k__Fungi;p__Ascomycota;c__Leotiomycetes;o__Helotiales;f__Sclerotiniaceae;g__Monilinia;s__Monilinia_laxa	0.9007346756826642
ASV62	k__Fungi;p__Basidiomycota;c__Tremellomycetes;o__Tremellales;f__Bulleribasidiaceae;g__Vishniacozyma;s__Vishniacozyma_carnescens	0.9999834608117995
ASV63	k__Fungi;p__Basidiomycota;c__Tremellomycetes;o__Filobasidiales;f__Filobasidiaceae;g__Naganishia;s__Naganishia_albida	0.7736979638831192
ASV64	k__Fungi;p__Basidiomycota;c__Microbotryomycetes;o__Sporidiobolales;f__Sporidiobolaceae;g__Sporobolomyces;s__Sporobolomyces_roseus	0.9992188074768744
ASV65	k__Fungi;p__Ascomycota;c__Eurotiomycetes;o__Eurotiales;f__Aspergillaceae;g__Aspergillus	0.9999999956422853
ASV66	k__Fungi;p__Ascomycota;c__Eurotiomycetes;o__Eurotiales;f__Aspergillaceae;g__Penicillium	0.9951442189284749
ASV67	k__Fungi;p__Basidiomycota;c__Agaricomycetes;o__Agaricales;f__Strophariaceae;g__Hypholoma;s__Hypholoma_fasciculare	0.9999823902309536
ASV68	k__Fungi;p__Ascomycota;c__Saccharomycetes;o__Saccharomycetales;f__Phaffomycetaceae;g__Wickerhamomyces;s__Wickerhamomyces_onychis	0.9999970554553395
ASV69	k__Fungi;p__Ascomycota;c__Eurotiomycetes;o__Eurotiales;f__Aspergillaceae;g__Aspergillus;s__Aspergillus_flavus	0.7345915479892803
ASV70	k__Fungi;p__Ascomycota;c__Eurotiomycetes;o__Eurotiales;f__Aspergillaceae;g__Aspergillus	0.9999998973619945
ASV71	k__Fungi;p__Ascomycota;c__Eurotiomycetes;o__Eurotiales;f__Aspergillaceae;g__Penicillium;s__Penicillium_polonicum	0.8298436043954867
ASV72	k__Fungi;p__Ascomycota;c__Eurotiomycetes;o__Eurotiales;f__Aspergillaceae;g__Penicillium	0.9996219515622696
ASV73	k__Fungi;p__Ascomycota;c__Eurotiomycetes;o__Eurotiales;f__Aspergillaceae;g__Penicillium;s__Penicillium_coprobium	0.7391632506430522
ASV74	k__Fungi;p__Ascomycota;c__Dothideomycetes;o__Capnodiales;f__Mycosphaerellaceae;g__Mycosphaerella;s__Mycosphaerella_tassiana	0.9958073029528022
ASV75	k__Fungi;p__Ascomycota;c__Eurotiomycetes;o__Eurotiales;f__Aspergillaceae;g__Aspergillus;s__Aspergillus_ruber	0.9944128861827213
ASV76	k__Fungi;p__Basidiomycota;c__Tremellomycetes;o__Filobasidiales;f__Filobasidiaceae;g__Naganishia;s__Naganishia_albida	0.8789288690990787
ASV77	k__Fungi	0.9999999999999976
ASV78	k__Fungi;p__Ascomycota;c__Dothideomycetes;o__Pleosporales;f__Pleosporaceae;g__Alternaria;s__Alternaria_metachromatica	0.7156266484706049
ASV79	k__Fungi;p__Basidiomycota;c__Cystobasidiomycetes;o__Erythrobasidiales;f__unidentified;g__unidentified;s__unidentified	0.7633792382113916
ASV80	k__Fungi;p__unidentified;c__unidentified;o__unidentified;f__unidentified;g__unidentified;s__unidentified	0.8544470546035965
ASV81	k__Fungi;p__Ascomycota;c__Eurotiomycetes;o__Eurotiales;f__Trichocomaceae;g__Talaromyces;s__Talaromyces_minioluteus	0.8668437169315869
ASV82	k__Fungi;p__Ascomycota;c__Saccharomycetes;o__Saccharomycetales;f__Saccharomycetaceae;g__Saccharomyces;s__Saccharomyces_cerevisiae	0.9996465196475389
ASV83	k__Fungi;p__Basidiomycota;c__Malasseziomycetes;o__Malasseziales;f__Malasseziaceae;g__Malassezia;s__Malassezia_restricta	0.995253845862236
ASV84	k__Fungi;p__Ascomycota;c__Saccharomycetes;o__Saccharomycetales;f__Saccharomycetales_fam_Incertae_sedis;g__Candida;s__Candida_tropicalis	0.9973528056044573
ASV85	k__Fungi;p__Ascomycota;c__Sordariomycetes;o__Xylariales;f__Hyponectriaceae;g__Monographella;s__Monographella_nivalis	0.9954415209308726
ASV86	k__Fungi;p__Basidiomycota;c__Cystobasidiomycetes;o__Cystobasidiales;f__Cystobasidiaceae;g__Cystobasidium;s__Cystobasidium_pinicola	0.9985265357167185
ASV87	k__Fungi;p__Basidiomycota;c__Tremellomycetes;o__Filobasidiales;f__Filobasidiaceae;g__Filobasidium;s__Filobasidium_magnum	0.962032474097867
ASV88	k__Fungi;p__Ascomycota;c__Eurotiomycetes;o__Eurotiales;f__Aspergillaceae;g__Penicillium;s__Penicillium_coprobium	0.889947424706981
ASV89	k__Fungi;p__Basidiomycota;c__Tremellomycetes;o__Trichosporonales;f__Trichosporonaceae;g__Cutaneotrichosporon;s__Cutaneotrichosporon_cyanovorans	0.9961368057713462
ASV90	k__Fungi;p__Ascomycota;c__Eurotiomycetes;o__Eurotiales;f__Aspergillaceae;g__Aspergillus	0.9999999986893066
ASV91	k__Fungi;p__Basidiomycota;c__Agaricomycetes;o__Agaricales;f__Lycoperdaceae	0.999999898794568
ASV92	k__Fungi;p__Basidiomycota;c__Malasseziomycetes;o__Malasseziales;f__Malasseziaceae;g__Malassezia;s__Malassezia_sympodialis	0.9999999843422672
ASV93	k__Fungi;p__Ascomycota;c__Dothideomycetes;o__Pleosporales;f__Pleosporaceae;g__Alternaria	0.9975453995282406
ASV94	k__Fungi;p__Ascomycota;c__Sordariomycetes;o__Hypocreales;f__Hypocreaceae;g__Trichoderma	0.9999974979795538
ASV95	k__Fungi;p__Ascomycota;c__Saccharomycetes;o__Saccharomycetales;f__Saccharomycetales_fam_Incertae_sedis;g__Candida;s__Candida_railenensis	0.9937541507441983
ASV96	k__Fungi;p__Ascomycota;c__Dothideomycetes;o__Pleosporales;f__Pleosporales_fam_Incertae_sedis;g__Chalastospora;s__Chalastospora_gossypii	0.9221575531416898
ASV97	k__Fungi;p__unidentified;c__unidentified;o__unidentified;f__unidentified;g__unidentified;s__unidentified	0.8076870449789532
ASV98	k__Fungi;p__Ascomycota;c__Dothideomycetes;o__Pleosporales;f__Didymellaceae;g__Didymella;s__Didymella_exigua	0.8674907926312567
ASV99	k__Fungi;p__Basidiomycota	0.9999999993689381
ASV100	k__Fungi;p__Basidiomycota;c__Tremellomycetes;o__Tremellales;f__Bulleribasidiaceae;g__Vishniacozyma;s__unidentified	0.9995111451598474
ASV101	k__Fungi;p__Basidiomycota;c__Agaricomycetes;o__Polyporales;f__Coriolaceae;g__Trametes;s__Trametes_cubensis	0.9410012199816965
ASV102	k__Fungi;p__Basidiomycota;c__Tremellomycetes;o__Cystofilobasidiales;f__Mrakiaceae;g__Tausonia;s__Tausonia_pullulans	0.9999999999351985
ASV103	k__Fungi	1.0000000000000004
ASV104	k__Fungi	1.000000000000008
ASV105	k__Fungi;p__Basidiomycota;c__Tremellomycetes;o__Cystofilobasidiales;f__Cystofilobasidiaceae;g__Cystofilobasidium;s__Cystofilobasidium_capitatum	0.9999935091065507
ASV106	k__Fungi;p__Ascomycota;c__Eurotiomycetes;o__Eurotiales;f__Trichocomaceae;g__Talaromyces;s__Talaromyces_minioluteus	0.9740845406112405
ASV107	k__Fungi;p__Basidiomycota;c__Malasseziomycetes;o__Malasseziales;f__Malasseziaceae;g__Malassezia;s__Malassezia_restricta	0.8616935030708743
ASV108	k__Fungi;p__Ascomycota;c__Eurotiomycetes;o__Eurotiales;f__Aspergillaceae;g__Penicillium	0.99855633601759
ASV109	k__Fungi;p__Ascomycota;c__Eurotiomycetes;o__Eurotiales;f__Aspergillaceae;g__Penicillium;s__Penicillium_polonicum	0.8950619270981205
ASV110	k__Fungi;p__Ascomycota;c__Eurotiomycetes;o__Eurotiales;f__Aspergillaceae;g__Aspergillus;s__Aspergillus_ruber	0.9999918659970587
ASV111	k__Fungi;p__Ascomycota;c__Leotiomycetes;o__Thelebolales;f__unidentified;g__unidentified;s__unidentified	0.7191862888152669
ASV112	k__Fungi;p__Basidiomycota;c__Tremellomycetes;o__Tremellales;f__Bulleribasidiaceae;g__Vishniacozyma;s__Vishniacozyma_taibaiensis	0.9829054792380035
ASV113	k__Fungi	0.9999999999999927
ASV114	k__Fungi;p__Basidiomycota;c__Wallemiomycetes;o__Wallemiales;f__Wallemiaceae;g__Wallemia;s__Wallemia_ichthyophaga	0.9999999997016857
ASV115	k__Fungi;p__Ascomycota;c__Leotiomycetes;o__Helotiales;f__Sclerotiniaceae;g__Monilinia;s__Monilinia_laxa	0.9082333126635701
ASV116	k__Fungi;p__unidentified;c__unidentified;o__unidentified;f__unidentified;g__unidentified;s__unidentified	0.942573390422682
ASV117	k__Fungi;p__Ascomycota;c__Eurotiomycetes;o__Eurotiales;f__Aspergillaceae;g__Aspergillus	0.9999995956401544
ASV118	k__Fungi;p__unidentified;c__unidentified;o__unidentified;f__unidentified;g__unidentified;s__unidentified	0.913030310851834
ASV119	k__Fungi;p__Basidiomycota;c__Agaricomycetes;o__Agaricales;f__Tricholomataceae;g__Baeospora;s__Baeospora_myosura	0.9641033068205512
ASV120	k__Fungi;p__Basidiomycota;c__Malasseziomycetes;o__Malasseziales;f__Malasseziaceae;g__Malassezia;s__Malassezia_globosa	0.9999999999951683
ASV121	k__Fungi;p__Basidiomycota;c__Tremellomycetes;o__Tremellales;f__Bulleribasidiaceae;g__Hannaella;s__Hannaella_zeae	0.9777587107528969
ASV122	k__Fungi;p__Basidiomycota;c__Malasseziomycetes;o__Malasseziales;f__Malasseziaceae;g__Malassezia;s__Malassezia_globosa	0.9999999999951967
ASV123	k__Fungi;p__Ascomycota;c__Eurotiomycetes;o__Eurotiales;f__Trichocomaceae;g__Talaromyces;s__Talaromyces_minioluteus	0.9850968441347323
ASV124	k__Fungi;p__Basidiomycota;c__Malasseziomycetes;o__Malasseziales;f__Malasseziaceae;g__Malassezia;s__Malassezia_arunalokei	0.9319929531588802
ASV125	k__Fungi;p__Basidiomycota;c__Tremellomycetes;o__Tremellales	0.8743161667545589
ASV126	k__Fungi;p__Ascomycota;c__Dothideomycetes;o__Capnodiales;f__Mycosphaerellaceae;g__Mycosphaerella;s__Mycosphaerella_tassiana	0.9867551471542141
ASV127	k__Fungi;p__Ascomycota;c__Saccharomycetes;o__Saccharomycetales;f__Saccharomycetales_fam_Incertae_sedis;g__Candida;s__Candida_metapsilosis	0.9999977466840541
ASV128	k__Fungi;p__Basidiomycota;c__Agaricomycetes;o__Russulales;f__Peniophoraceae;g__Peniophora;s__Peniophora_albobadia	0.7330435209503177
ASV129	k__Fungi;p__Ascomycota;c__Eurotiomycetes;o__Eurotiales;f__Aspergillaceae;g__Penicillium;s__Penicillium_astrolabium	0.9997593444437356
ASV130	k__Fungi;p__unidentified;c__unidentified;o__unidentified;f__unidentified;g__unidentified;s__unidentified	0.8161948897184488
ASV131	k__Fungi;p__unidentified;c__unidentified;o__unidentified;f__unidentified;g__unidentified;s__unidentified	0.9212011475611275
ASV132	k__Fungi;p__Ascomycota;c__Eurotiomycetes;o__Eurotiales	0.9728636131964641
ASV133	k__Fungi;p__Basidiomycota;c__Malasseziomycetes;o__Malasseziales;f__Malasseziaceae;g__Malassezia;s__Malassezia_restricta	0.9942172030736992
ASV134	k__Fungi;p__Ascomycota;c__Eurotiomycetes;o__Eurotiales;f__Aspergillaceae;g__Aspergillus;s__Aspergillus_subversicolor	0.8083699258456424
ASV135	k__Fungi;p__unidentified;c__unidentified;o__unidentified;f__unidentified;g__unidentified;s__unidentified	0.7872695472871749
ASV136	k__Fungi;p__Basidiomycota;c__Agaricomycetes;o__Trechisporales;f__Hydnodontaceae;g__Trechispora;s__unidentified	0.9980566195331415
ASV137	k__Fungi	1.0000000000000115
ASV138	k__Fungi;p__Ascomycota;c__Sordariomycetes;o__Hypocreales;f__Cordycipitaceae;g__Simplicillium;s__Simplicillium_aogashimaense	0.9987797346524129
ASV139	k__Fungi;p__unidentified;c__unidentified;o__unidentified;f__unidentified;g__unidentified;s__unidentified	0.9218742056775707
ASV140	k__Fungi	0.9999999999999876
ASV141	k__Fungi;p__Basidiomycota;c__Cystobasidiomycetes;o__Erythrobasidiales;f__Erythrobasidiaceae;g__Erythrobasidium;s__Erythrobasidium_hasegawianum	0.9999990568814681
ASV142	k__Fungi;p__Basidiomycota;c__Malasseziomycetes;o__Malasseziales;f__Malasseziaceae;g__Malassezia;s__Malassezia_globosa	0.9999999999999432
ASV143	k__Fungi;p__Ascomycota;c__Sordariomycetes;o__Xylariales;f__Hyponectriaceae;g__Monographella;s__Monographella_nivalis	0.995380429193244
ASV144	k__Fungi;p__Basidiomycota;c__Tremellomycetes;o__Tremellales;f__Rhynchogastremataceae;g__Papiliotrema;s__Papiliotrema_flavescens	0.9859503258519781
ASV145	k__Fungi	1.000000000000012
ASV146	k__Fungi;p__unidentified;c__unidentified;o__unidentified;f__unidentified;g__unidentified;s__unidentified	0.807465499033641
ASV147	k__Fungi;p__Ascomycota;c__Eurotiomycetes;o__Eurotiales;f__Aspergillaceae;g__Penicillium;s__Penicillium_bialowiezense	0.9971679774162567
ASV148	k__Fungi;p__Ascomycota;c__Saccharomycetes;o__Saccharomycetales;f__Phaffomycetaceae;g__Wickerhamomyces;s__Wickerhamomyces_onychis	0.7676174217599049
ASV149	k__Fungi;p__Ascomycota;c__Eurotiomycetes;o__Eurotiales;f__Aspergillaceae;g__Aspergillus;s__Aspergillus_ruber	0.9943963242031923
ASV150	k__Fungi;p__Ascomycota;c__Eurotiomycetes;o__Eurotiales;f__Aspergillaceae;g__Penicillium;s__Penicillium_polonicum	0.8186572775334418
ASV151	k__Fungi;p__Basidiomycota;c__Agaricomycetes;o__Corticiales;f__Vuilleminiaceae;g__Vuilleminia;s__Vuilleminia_comedens	0.9988929754489213
ASV152	k__Fungi;p__Basidiomycota;c__Tremellomycetes;o__Trichosporonales;f__Trichosporonaceae;g__Trichosporon;s__Trichosporon_dohaense	0.9939331705018547
ASV153	k__Fungi;p__Ascomycota;c__Dothideomycetes;o__Capnodiales;f__Mycosphaerellaceae;g__Mycosphaerella;s__Mycosphaerella_tassiana	0.9999371440412369
ASV154	k__Fungi;p__Basidiomycota;c__Microbotryomycetes;o__Sporidiobolales;f__Sporidiobolaceae;g__Sporobolomyces;s__Sporobolomyces_symmetricus	0.7900266178935326
ASV155	k__Fungi;p__unidentified;c__unidentified;o__unidentified;f__unidentified;g__unidentified;s__unidentified	0.9493967795997322
ASV156	k__Fungi;p__Basidiomycota;c__Tremellomycetes;o__Cystofilobasidiales;f__Mrakiaceae;g__Tausonia;s__Tausonia_pullulans	0.9999999999247109
ASV157	k__Fungi;p__Ascomycota;c__Sordariomycetes;o__Hypocreales;f__Hypocreaceae;g__Trichoderma;s__Trichoderma_atroviride	0.9918201339361328
ASV158	k__Fungi;p__Basidiomycota;c__Agaricomycetes;o__Russulales;f__Peniophoraceae;g__Peniophora;s__unidentified	0.9665236767657444
ASV159	k__Fungi;p__unidentified;c__unidentified;o__unidentified;f__unidentified;g__unidentified;s__unidentified	0.8184059784803517
ASV160	k__Fungi;p__Basidiomycota;c__Agaricomycetes;o__Agaricales;f__Tricholomataceae;g__Baeospora;s__Baeospora_myosura	0.9432243114264582
ASV161	k__Fungi;p__Basidiomycota;c__Agaricomycetes;o__Boletales;f__Paxillaceae;g__Paxillus;s__Paxillus_involutus	0.9999962203114116
ASV162	k__Fungi;p__Ascomycota;c__Eurotiomycetes;o__Eurotiales;f__Trichocomaceae;g__Talaromyces;s__Talaromyces_wortmannii	0.8361805021597207
ASV163	k__Fungi;p__Ascomycota;c__Eurotiomycetes;o__Chaetothyriales	0.991711693423805
ASV164	k__Fungi;p__Ascomycota;c__Leotiomycetes;o__Erysiphales;f__Erysiphaceae;g__Golovinomyces;s__Golovinomyces_sonchicola	0.9999987614703936
ASV165	k__Fungi	1.0000000000000056
ASV166	k__Fungi;p__Basidiomycota;c__Agaricomycetes;o__Agaricales;f__Agaricaceae;g__Agaricus;s__Agaricus_bisporus	0.944229594559389
ASV167	k__Fungi;p__Basidiomycota;c__Tremellomycetes;o__Trichosporonales;f__Trichosporonaceae;g__Vanrija;s__Vanrija_fragicola	0.9999924647581618
ASV168	k__Fungi;p__Ascomycota;c__Eurotiomycetes;o__Eurotiales;f__Aspergillaceae;g__Aspergillus;s__Aspergillus_conicus	0.9704565569995961
ASV169	k__Fungi;p__Ascomycota;c__Dothideomycetes;o__Capnodiales	0.9999964271788347
ASV170	k__Fungi	0.9999999999999926
ASV171	k__Fungi;p__unidentified;c__unidentified;o__unidentified;f__unidentified;g__unidentified;s__unidentified	0.9402336077209323
ASV172	k__Fungi;p__Ascomycota;c__Eurotiomycetes;o__Eurotiales;f__Aspergillaceae;g__Aspergillus;s__Aspergillus_carbonarius	0.9861170200035412
ASV173	k__Fungi;p__Ascomycota;c__Eurotiomycetes;o__Eurotiales;f__Aspergillaceae;g__Aspergillus;s__Aspergillus_terreus	0.7762999056166983
ASV174	k__Fungi;p__Ascomycota;c__Dothideomycetes;o__Pleosporales;f__Periconiaceae;g__Periconia;s__Periconia_byssoides	0.9999999827532094
ASV175	k__Fungi;p__Ascomycota;c__Eurotiomycetes;o__Eurotiales;f__Aspergillaceae;g__Aspergillus;s__Aspergillus_penicillioides	0.7712754701576668
ASV176	k__Fungi;p__unidentified;c__unidentified;o__unidentified;f__unidentified;g__unidentified;s__unidentified	0.9309579058294355
ASV177	k__Fungi;p__Ascomycota;c__Saccharomycetes;o__Saccharomycetales;f__Saccharomycetaceae;g__Kazachstania;s__Kazachstania_barnettii	0.9999999999717204
ASV178	k__Fungi;p__Basidiomycota;c__Tremellomycetes;o__Tremellales;f__Bulleribasidiaceae;g__Hannaella;s__Hannaella_zeae	0.9820568533214952
ASV179	k__Fungi;p__Ascomycota;c__Dothideomycetes;o__Pleosporales;f__Phaeosphaeriaceae;g__Neosetophoma	0.9777633600857563
ASV180	k__Fungi;p__Ascomycota;c__Saccharomycetes;o__Saccharomycetales;f__Saccharomycetales_fam_Incertae_sedis;g__Candida;s__Candida_natalensis	0.8587011460364674
ASV181	k__Fungi;p__Ascomycota;c__Eurotiomycetes;o__Eurotiales;f__Aspergillaceae;g__Penicillium;s__Penicillium_polonicum	0.8947183481325074
ASV182	k__Fungi;p__unidentified;c__unidentified;o__unidentified;f__unidentified;g__unidentified;s__unidentified	0.9251559669767737
ASV183	k__Fungi	0.9999999999999862
ASV184	k__Fungi;p__Ascomycota;c__Eurotiomycetes;o__Eurotiales;f__Aspergillaceae;g__Aspergillus;s__Aspergillus_subversicolor	0.8077651793807629
ASV185	k__Fungi;p__unidentified;c__unidentified;o__unidentified;f__unidentified;g__unidentified;s__unidentified	0.9086304531677087
ASV186	k__Fungi	1.000000000000007
ASV187	k__Fungi;p__Ascomycota;c__Saccharomycetes;o__Saccharomycetales;f__Phaffomycetaceae;g__Wickerhamomyces;s__Wickerhamomyces_onychis	0.8349823333178946
ASV188	k__Fungi	1.0000000000000024
ASV189	k__Fungi;p__Ascomycota;c__Sordariomycetes;o__Xylariales;f__Diatrypaceae;g__Peroneutypa;s__unidentified	0.9998668046124631
ASV190	k__Fungi;p__unidentified;c__unidentified;o__unidentified;f__unidentified;g__unidentified;s__unidentified	0.9402657918459066
ASV191	k__Fungi;p__unidentified;c__unidentified;o__unidentified;f__unidentified;g__unidentified;s__unidentified	0.8887545320028136
ASV192	k__Fungi;p__unidentified;c__unidentified;o__unidentified;f__unidentified;g__unidentified;s__unidentified	0.7584730534385715
ASV193	k__Fungi;p__Basidiomycota;c__Exobasidiomycetes;o__Entylomatales;f__unidentified;g__unidentified;s__unidentified	0.9986999693177975
ASV194	k__Fungi	0.9999999999999971
ASV195	k__Fungi;p__unidentified;c__unidentified;o__unidentified;f__unidentified;g__unidentified;s__unidentified	0.7970228126500668
ASV196	k__Fungi;p__Ascomycota;c__Eurotiomycetes;o__Eurotiales;f__Aspergillaceae;g__Penicillium;s__Penicillium_bialowiezense	0.9971030095272492
ASV197	k__Fungi;p__unidentified;c__unidentified;o__unidentified;f__unidentified;g__unidentified;s__unidentified	0.8358183398135927
ASV198	k__Fungi;p__Ascomycota;c__Eurotiomycetes;o__Eurotiales;f__Aspergillaceae;g__Penicillium	0.9997417919286155
ASV199	k__Fungi;p__Basidiomycota;c__Wallemiomycetes;o__Wallemiales;f__Wallemiaceae;g__Wallemia;s__Wallemia_ichthyophaga	0.9999999997225331
ASV200	k__Fungi	0.9999999999999898
ASV201	k__Fungi;p__Ascomycota;c__Sordariomycetes;o__Microascales;f__Microascaceae;g__Scopulariopsis;s__unidentified	0.7288236665943504
ASV202	k__Fungi;p__Ascomycota;c__Saccharomycetes;o__Saccharomycetales;f__Saccharomycetaceae;g__Eremothecium;s__Eremothecium_coryli	0.9999999994319353
ASV203	k__Fungi	1.000000000000002
ASV204	k__Fungi;p__unidentified;c__unidentified;o__unidentified;f__unidentified;g__unidentified;s__unidentified	0.776834708718561
ASV205	k__Fungi	0.9999999999999937
ASV206	k__Fungi;p__Basidiomycota;c__Tremellomycetes;o__Trichosporonales;f__Trichosporonaceae	0.9999906549708562
ASV207	k__Fungi;p__Basidiomycota;c__Malasseziomycetes;o__Malasseziales;f__Malasseziaceae;g__Malassezia;s__Malassezia_globosa	0.9999999999999716
ASV208	k__Fungi;p__unidentified;c__unidentified;o__unidentified;f__unidentified;g__unidentified;s__unidentified	0.9200879152345661
ASV209	k__Fungi	1.0000000000000115
ASV210	k__Fungi;p__Basidiomycota;c__Agaricomycetes;o__Trechisporales;f__Hydnodontaceae;g__Trechispora;s__unidentified	0.9913506920456809
ASV211	k__Fungi	1.0000000000000044
ASV212	k__Fungi;p__Basidiomycota;c__Agaricomycetes;o__Atheliales;f__Atheliaceae;g__Athelia;s__unidentified	0.9985305898314647
ASV213	k__Fungi;p__unidentified;c__unidentified;o__unidentified;f__unidentified;g__unidentified;s__unidentified	0.8052570258506818
ASV214	k__Fungi	0.9999999999999942
ASV215	k__Fungi;p__Ascomycota;c__Eurotiomycetes;o__Eurotiales;f__Trichocomaceae;g__Talaromyces;s__Talaromyces_infraolivaceus	0.955012925459085
ASV216	k__Fungi;p__Ascomycota;c__Sordariomycetes;o__unidentified;f__unidentified;g__unidentified;s__unidentified	0.8870829988830993
ASV217	k__Fungi;p__unidentified;c__unidentified;o__unidentified;f__unidentified;g__unidentified;s__unidentified	0.7797233354705977
ASV218	k__Fungi	0.9999999999999916
ASV219	k__Fungi;p__unidentified;c__unidentified;o__unidentified;f__unidentified;g__unidentified;s__unidentified	0.7585497270597259
ASV220	k__Fungi;p__unidentified;c__unidentified;o__unidentified;f__unidentified;g__unidentified;s__unidentified	0.8190925818848299
ASV221	k__Fungi;p__Basidiomycota;c__Malasseziomycetes;o__Malasseziales;f__Malasseziaceae;g__Malassezia	0.9999999998783173
ASV222	k__Fungi;p__unidentified;c__unidentified;o__unidentified;f__unidentified;g__unidentified;s__unidentified	0.9302488348869582
ASV223	k__Fungi;p__unidentified;c__unidentified;o__unidentified;f__unidentified;g__unidentified;s__unidentified	0.8466013993532202
ASV224	k__Fungi;p__unidentified;c__unidentified;o__unidentified;f__unidentified;g__unidentified;s__unidentified	0.8434738364349194
ASV225	k__Fungi	1.0000000000000027
ASV226	k__Fungi;p__Ascomycota;c__Dothideomycetes;o__Capnodiales;f__Mycosphaerellaceae;g__Mycosphaerella;s__Mycosphaerella_tassiana	0.999696804653516
ASV227	k__Fungi;p__Ascomycota;c__Eurotiomycetes;o__Eurotiales	0.901588098207185
ASV228	k__Fungi;p__unidentified;c__unidentified;o__unidentified;f__unidentified;g__unidentified;s__unidentified	0.9513075540829943
ASV229	k__Fungi;p__unidentified;c__unidentified;o__unidentified;f__unidentified;g__unidentified;s__unidentified	0.9168641857062219
ASV230	k__Fungi;p__Basidiomycota;c__Agaricomycetes;o__Corticiales;f__Vuilleminiaceae;g__Vuilleminia;s__Vuilleminia_comedens	0.9972944617974904
ASV231	k__Fungi;p__Ascomycota;c__Saccharomycetes;o__Saccharomycetales	0.9999841475791292
ASV232	k__Fungi;p__unidentified;c__unidentified;o__unidentified;f__unidentified;g__unidentified;s__unidentified	0.9762137353270409
ASV233	k__Fungi;p__Ascomycota;c__Eurotiomycetes;o__Eurotiales;f__Aspergillaceae;g__Aspergillus;s__Aspergillus_penicillioides	0.9984816953028441
ASV234	k__Fungi;p__unidentified;c__unidentified;o__unidentified;f__unidentified;g__unidentified;s__unidentified	0.9790653014446331
ASV235	k__Fungi	1.0000000000000009
ASV236	k__Fungi;p__Ascomycota	0.702955060407911
ASV237	k__Fungi;p__Basidiomycota;c__Tremellomycetes;o__Trichosporonales;f__Trichosporonaceae	0.9999964742442735
ASV238	k__Fungi;p__unidentified;c__unidentified;o__unidentified;f__unidentified;g__unidentified;s__unidentified	0.9305726169837334
ASV239	k__Fungi;p__unidentified;c__unidentified;o__unidentified;f__unidentified;g__unidentified;s__unidentified	0.7736859460535415
ASV240	k__Fungi	1.0000000000000002
ASV241	k__Fungi;p__unidentified;c__unidentified;o__unidentified;f__unidentified;g__unidentified;s__unidentified	0.9354403874221604
